Unnamed: 0,Uber Type,Origin Region,Destination Region,Origin Latitude,Origin Longitude,Destination Latitude,Destination Longitude,Journey Distance(m),Departure Date,Departure Time,Travel Time(s),Arrival Time,Fare$
ID1272192556,0,5,4,-37.804867,144.935379,-37.808569,144.992514,5332.0,2018-05-23,23:26:20,1324.8,23:48:24,16.87
ID5889593186,2,6,2,-37.773803,144.983647,-37.81756,144.932226,10514.0,2018-02-28,08:34:59,3166.68,09:27:45,314.27
ID1723151852,0,9,3,-38.110916,144.654173,-37.821652,144.983389,45282.0,2018-06-08,21:56:20,10926.3,00:58:26,35.47
ID1411037924,0,9,7,-38.110916,144.654173,-37.861835,144.905716,50797.0,2018-03-19,16:32:47,13204.98,20:12:51,34.35
ID1365225641,0,9,8,-38.110916,144.654173,-37.807202,145.026637,49777.0,2018-02-08,13:24:04,12099.66,16:45:43,31.76
ID3774698802,1,1,4,-37.812487,144.963292,-37.802133,145.004145,4465.0,2018-05-01,03:04:39,1165.74,03:24:04,19.39
ID3717761408,1,6,7,-37.773803,144.983647,-37.861835,144.905716,16033.0,2018-05-24,15:04:15,5323.56,16:32:58,33.37
ID3872668405,1,9,1,-38.110916,144.654173,-37.804452,144.943278,43274.0,2018-05-26,10:03:41,10376.58,12:56:37,56.9
ID1412783654,0,6,9,-37.790818,144.985793,-38.110916,144.654173,47186.0,2018-02-22,11:53:03,11418.06,15:03:21,26.12
ID3821429000,1,7,2,-37.861835,144.905716,-37.814591,144.946957,9377.0,2018-07-06,00:29:14,3149.52,01:21:43,29.21
ID3285161197,1,8,1,-37.815834,145.04645,-37.818494,144.944214,9830.0,2018-04-09,12:53:36,2780.52,13:39:56,22.89
ID5759071441,2,8,5,-37.807202,145.026637,-37.80496,144.931549,9765.0,2018-03-25,00:46:23,2523.6,01:28:26,277.17
ID3627839221,1,5,2,-37.801661,144.935624,-37.814967,144.945125,4597.0,2018-02-04,18:52:25,1100.16,19:10:45,20.56
ID1781267046,0,8,5,-37.807202,145.026637,-37.800539,144.934642,10179.0,2018-01-22,11:06:04,2622.6,11:49:46,9.69
ID1738908218,0,5,3,-37.818711,144.916772,-37.810946,144.97805,6120.0,2018-01-08,07:01:13,1586.82,07:27:39,7.03
ID1206206424,0,1,3,-37.799041,144.960088,-37.823384,144.970383,3096.0,2018-01-11,22:45:38,837.6,22:59:35,16.42
ID3402429948,1,9,3,-38.110916,144.654173,-37.816088,144.972228,44262.0,2018-03-18,05:45:44,10696.68,08:44:00,63.95
ID3739010668,1,9,4,-38.110916,144.654173,-37.815214,145.005981,47532.0,2018-03-14,02:05:49,11437.62,05:16:26,65.84
ID1719287330,0,2,6,-37.819411,144.932424,-37.790818,144.985793,7442.0,2018-06-04,16:33:40,1899.96,17:05:19,12.45
ID1915397981,0,9,1,-38.110916,144.654173,-37.819643,144.960198,43132.0,2018-07-26,19:35:49,10407.54,22:29:16,28.48
ID1529902729,0,8,3,-37.815834,145.04645,-37.818636,144.982767,6443.0,2018-04-16,18:26:40,1945.98,18:59:05,14.3
ID3550617122,1,1,2,-37.816568,144.966664,-37.817062,144.931744,3933.0,2018-05-15,04:20:29,994.86,04:37:03,18.43
ID3657790575,1,8,7,-37.815834,145.04645,-37.861835,144.905716,15151.0,2018-02-08,03:41:23,4917.48,05:03:20,35.75
ID5476117767,2,7,2,-37.861835,144.905716,-37.82374,144.935313,10012.0,2018-03-27,09:38:14,3325.74,10:33:39,329.03
ID1619248809,0,1,8,-37.824369,144.95257,-37.815834,145.04645,9106.0,2018-06-28,09:14:03,2596.68,09:57:19,10.39
ID3475660537,1,1,6,-37.805358,144.973603,-37.787442,144.980409,2345.0,2018-01-09,09:30:16,569.82,09:39:45,6.91
ID3814689510,1,1,4,-37.818051,144.96946,-37.804381,145.013386,5287.0,2018-02-21,12:01:25,1416.54,12:25:01,17.48
ID1766607369,0,8,3,-37.815834,145.04645,-37.817673,144.969795,7660.0,2018-01-08,14:18:16,2239.02,14:55:35,12.29
ID1569207868,0,1,4,-37.805753,144.94664,-37.802228,144.990599,4513.0,2018-07-07,14:33:38,1115.64,14:52:13,17.06
ID1698670939,0,9,4,-38.110916,144.654173,-37.805198,144.994497,46733.0,2018-02-14,12:18:32,11321.64,15:27:13,28.95
ID3889181099,1,7,9,-37.861835,144.905716,-38.110916,144.654173,50797.0,2018-06-07,21:06:51,13173.36,00:46:24,71.64
ID5207720317,2,9,7,-38.110916,144.654173,-37.861835,144.905716,50797.0,2018-04-02,10:46:24,13204.98,14:26:28,1268.01
ID1281610535,0,3,2,-37.821258,145.005661,-37.815801,144.934271,7273.0,2018-03-15,03:55:36,1768.2,04:25:04,17.98
ID1289873103,0,7,5,-37.861835,144.905716,-37.797454,144.926022,12250.0,2018-05-22,11:27:28,3868.44,12:31:56,11.39
ID3130494976,1,1,6,-37.81321,144.937506,-37.773845,144.98369,7195.0,2018-03-09,13:06:42,1606.92,13:33:28,16.83
ID1598962068,0,7,4,-37.861835,144.905716,-37.814547,145.014293,12297.0,2018-07-27,04:50:38,3832.2,05:54:30,22.24
ID5267892152,2,6,7,-37.790818,144.985793,-37.861835,144.905716,11712.0,2018-03-10,12:31:09,3717.48,13:33:06,380.22
ID3444866294,1,2,9,-37.814937,144.945292,-38.110916,144.654173,41940.0,2018-07-21,04:41:12,10091.04,07:29:23,62.9
ID1624905171,0,9,3,-38.110916,144.654173,-37.816215,144.964156,43421.0,2018-03-08,16:07:13,10489.5,19:02:02,27.79
ID3587624265,1,6,8,-37.773845,144.98369,-37.807202,145.026637,8606.0,2018-02-12,05:24:52,1995.72,05:58:07,24.23
ID1836532493,0,8,2,-37.815834,145.04645,-37.815843,144.934297,10273.0,2018-05-17,22:53:38,2879.22,23:41:37,21.49
ID1653869345,0,5,2,-37.80375,144.918308,-37.824023,144.933011,4913.0,2018-02-20,11:37:09,1193.22,11:57:02,6.97
ID3848839834,1,6,4,-37.790797,144.985865,-37.803976,145.005478,3210.0,2018-05-09,23:32:29,895.74,23:47:24,18.41
ID3966643349,1,6,8,-37.790818,144.985793,-37.815834,145.04645,7471.0,2018-06-02,16:03:29,2192.7,16:40:01,24.1
ID1502562485,0,6,8,-37.787432,144.980377,-37.815834,145.04645,8361.0,2018-01-21,07:53:14,2438.22,08:33:52,11.69
ID5670710856,2,8,4,-37.815834,145.04645,-37.799989,144.988858,6272.0,2018-05-26,23:09:16,1932.96,23:41:28,220.36
ID3762156395,1,8,2,-37.815834,145.04645,-37.815266,144.927789,11783.0,2018-04-14,02:40:30,3270.72,03:35:00,32.6
ID5471968960,2,4,9,-37.80741,145.010535,-38.110916,144.654173,48228.0,2018-01-01,13:49:05,11663.34,17:03:28,1129.98
ID3292651248,1,7,3,-37.861835,144.905716,-37.813141,144.973892,8639.0,2018-05-25,01:34:54,2911.08,02:23:25,25.98
ID1335416072,0,4,8,-37.807394,144.998682,-37.815834,145.04645,4558.0,2018-02-24,02:48:20,1451.46,03:12:31,21.3
ID1298839646,0,8,5,-37.815834,145.04645,-37.803488,144.936468,10545.0,2018-01-25,06:17:21,2889.42,07:05:30,9.87
ID3555306163,1,3,2,-37.822991,144.976257,-37.814824,144.937649,4242.0,2018-02-01,21:32:18,1038.0,21:49:36,19.39
ID1895516127,0,8,7,-37.807202,145.026637,-37.861835,144.905716,13986.0,2018-04-08,16:04:06,4298.28,17:15:44,21.83
ID3338693123,1,4,7,-37.811935,145.013489,-37.861835,144.905716,12221.0,2018-03-25,20:30:55,3878.34,21:35:33,30.6
ID1602760011,0,8,7,-37.807202,145.026637,-37.861835,144.905716,13986.0,2018-07-18,06:40:45,4298.28,07:52:23,12.1
ID1820863423,0,2,8,-37.81952,144.943513,-37.815834,145.04645,9701.0,2018-04-01,19:27:24,2665.74,20:11:49,18.45
ID1559545541,0,7,5,-37.861835,144.905716,-37.809216,144.937202,10531.0,2018-01-16,05:25:39,3422.88,06:22:41,20.23
ID1171139168,0,9,7,-38.110916,144.654173,-37.861835,144.905716,50797.0,2018-05-23,22:52:07,13204.98,02:32:11,39.25
ID1307292782,0,3,1,-37.816723,144.976921,-37.820864,144.947485,2913.0,2018-06-19,14:40:40,734.64,14:52:54,10.49
ID1509682017,0,7,6,-37.861835,144.905716,-37.787432,144.980377,11633.0,2018-04-01,20:54:04,3645.3,21:54:49,20.18
ID1128707029,0,9,4,-38.110916,144.654173,-37.803965,145.00331,47611.0,2018-01-15,04:38:04,11560.8,07:50:44,35.77
ID1669381983,0,5,7,-37.805803,144.927101,-37.861835,144.905716,11390.0,2018-03-16,01:35:27,3703.44,02:37:10,20.42
ID3125966107,1,7,9,-37.861835,144.905716,-38.110916,144.654173,50797.0,2018-07-17,14:40:14,13173.36,18:19:47,66.0
ID3872292845,1,4,6,-37.808786,145.008741,-37.790797,144.985865,4173.0,2018-02-21,14:04:14,1150.86,14:23:24,14.64
ID3966253261,1,8,2,-37.815834,145.04645,-37.823687,144.943106,9964.0,2018-03-28,10:03:38,2887.68,10:51:45,19.13
ID3319709218,1,7,9,-37.861835,144.905716,-38.110916,144.654173,50797.0,2018-01-05,20:49:55,13173.36,00:29:28,67.15
ID3760640924,1,2,9,-37.813652,144.93702,-38.110916,144.654173,42677.0,2018-07-26,00:32:37,10225.74,03:23:02,57.93
ID1675169077,0,7,2,-37.861835,144.905716,-37.814781,144.937634,10363.0,2018-07-12,13:42:53,3403.14,14:39:36,16.1
ID3617462704,1,4,7,-37.802017,145.006551,-37.861835,144.905716,12178.0,2018-04-23,00:07:36,3875.16,01:12:11,31.07
ID1633111418,0,4,5,-37.802566,145.005037,-37.813111,144.933559,8092.0,2018-07-07,22:43:23,2074.02,23:17:57,20.8
ID3791840416,1,4,5,-37.803091,145.008892,-37.803012,144.929506,7583.0,2018-04-21,11:43:22,2065.14,12:17:47,18.03
ID1125684864,0,9,8,-38.110916,144.654173,-37.815834,145.04645,51032.0,2018-05-11,17:40:13,12681.06,21:11:34,31.78
ID1279827016,0,5,8,-37.809137,144.937257,-37.815834,145.04645,10169.0,2018-06-06,19:57:15,2796.6,20:43:51,13.45
ID1158693219,0,8,5,-37.815834,145.04645,-37.814852,144.927132,11904.0,2018-02-04,18:25:41,3298.62,19:20:39,17.52
ID3660109320,1,6,9,-37.773845,144.98369,-38.110916,144.654173,48197.0,2018-02-06,01:42:55,11519.399999999998,04:54:54,63.7
ID3240610952,1,4,5,-37.813926,145.007855,-37.799353,144.927756,7880.0,2018-03-26,02:21:51,2011.6200000000003,02:55:22,22.3
ID5462590883,2,2,6,-37.820597,144.948816,-37.773845,144.98369,6829.0,2018-03-24,19:43:45,1471.2599999999998,20:08:16,166.71
ID1504715064,0,3,1,-37.826082,144.980671,-37.820069,144.965151,1872.0,2018-06-06,00:26:15,452.34,00:33:47,15.29
ID1974445915,0,8,7,-37.807202,145.026637,-37.861835,144.905716,13986.0,2018-02-11,08:40:48,4298.280000000001,09:52:26,17.18
ID1304426354,0,3,9,-37.824906,144.99116,-38.110916,144.654173,46155.0,2018-06-11,11:56:03,11160.0,15:02:03,25.88
ID3908117083,1,1,7,-37.821631,144.944036,-37.861835,144.905716,9438.0,2018-02-27,15:37:27,3266.52,16:31:53,24.58
ID3604153419,1,4,8,-37.802726,145.005203,-37.815834,145.04645,5479.0,2018-01-23,12:34:58,1640.52,13:02:18,15.23
ID1364478169,0,4,3,-37.81091,145.00416,-37.811565,144.983446,1997.0,2018-05-22,07:59:28,473.64,08:07:21,4.92
ID3346951107,1,3,5,-37.809715,144.991431,-37.808147,144.934247,5455.0,2018-04-11,05:13:53,1378.2000000000003,05:36:51,19.97
ID3761799946,1,6,2,-37.790818,144.985793,-37.815808,144.936941,6180.0,2018-02-26,01:30:36,1557.42,01:56:33,19.65
ID3404281692,1,6,4,-37.787432,144.980377,-37.81545,145.013097,5914.0,2018-01-09,04:52:48,1534.74,05:18:22,20.79
ID3375858572,1,8,3,-37.807202,145.026637,-37.815569,145.001408,3291.0,2018-07-09,23:25:42,757.7999999999998,23:38:19,16.75
ID5723087832,2,6,5,-37.773845,144.98369,-37.808733,144.925161,8075.0,2018-03-27,21:13:20,1820.1,21:43:40,201.03
ID3774162356,1,2,1,-37.824648,144.945698,-37.80319,144.969587,4005.0,2018-07-07,23:08:46,1062.24,23:26:28,22.67
ID1299006559,0,7,1,-37.861835,144.905716,-37.813015,144.940696,10084.0,2018-06-02,00:11:24,3322.68,01:06:46,23.06
ID3479509614,1,9,5,-38.110916,144.654173,-37.813232,144.931386,43955.0,2018-03-14,07:37:15,10580.279999999997,10:33:35,52.41
ID3745419904,1,7,9,-37.861835,144.905716,-38.110916,144.654173,50797.0,2018-06-25,15:34:23,13173.36,19:13:56,66.98
ID5740816201,2,9,3,-38.110916,144.654173,-37.812368,144.987096,45761.0,2018-02-24,08:45:36,11000.94,11:48:56,1066.34
ID3182210897,1,5,2,-37.814626,144.928107,-37.823915,144.947574,3507.0,2018-02-04,09:31:19,860.4599999999999,09:45:39,12.78
ID3799362032,1,7,2,-37.861835,144.905716,-37.812178,144.944454,9719.0,2018-06-27,05:14:02,3242.82,06:08:04,28.56
ID3834283047,1,8,7,-37.815834,145.04645,-37.861835,144.905716,15151.0,2018-02-21,08:44:23,4917.48,10:06:20,27.18
ID1403467287,0,7,3,-37.861835,144.905716,-37.815046,144.971846,8311.0,2018-07-09,12:08:02,2845.14,12:55:27,15.86
ID1844005837,0,2,1,-37.821442,144.945078,-37.806701,144.956016,2382.0,2018-03-20,08:37:42,621.78,08:48:03,6.28
ID1818027592,0,6,3,-37.773845,144.98369,-37.815294,144.975156,5058.0,2018-06-21,11:01:31,1058.58,11:19:09,7.59
ID3738609509,1,6,8,-37.773803,144.983647,-37.815834,145.04645,13562.0,2018-05-01,16:07:07,4213.56,17:17:20,27.47
ID5359353436,2,7,2,-37.861835,144.905716,-37.8107,144.928389,11344.0,2018-01-19,10:02:05,3669.66,11:03:14,362.58
ID3782364238,1,5,4,-37.799764,144.935714,-37.800987,144.992572,7702.0,2018-02-12,18:56:26,1946.64,19:28:52,18.18
ID3882927809,1,1,7,-37.814659,144.937744,-37.861835,144.905716,10352.0,2018-01-17,17:40:05,3400.02,18:36:45,26.11
ID3978681522,1,5,1,-37.799672,144.937034,-37.802366,144.962057,3417.0,2018-05-16,13:07:13,966.78,13:23:19,15.17
ID5734510271,2,5,7,-37.793445,144.936395,-37.861835,144.905716,11836.0,2018-01-19,11:22:11,3830.64,12:26:01,377.64
ID1924306427,0,5,1,-37.800182,144.928941,-37.81627,144.964234,4100.0,2018-01-02,04:44:59,1070.7,05:02:49,16.38
ID1798027887,0,7,5,-37.861835,144.905716,-37.796382,144.939889,11210.0,2018-04-23,21:48:05,3603.06,22:48:08,20.75
ID3235663099,1,9,8,-38.110916,144.654173,-37.815834,145.04645,51032.0,2018-06-01,20:39:42,12681.06,00:11:03,63.96
ID3899452472,1,9,4,-38.110916,144.654173,-37.801151,145.003712,47886.0,2018-06-15,08:01:30,11629.5,11:15:19,55.03
ID3898194438,1,9,2,-38.110916,144.654173,-37.810204,144.937015,42705.0,2018-05-16,15:09:18,10226.82,17:59:44,54.02
ID3420604362,1,8,1,-37.815834,145.04645,-37.807989,144.975727,6311.0,2018-07-22,02:44:26,1857.3,03:15:23,28.26
ID1702512204,0,2,5,-37.821053,144.947533,-37.809918,144.936041,1745.0,2018-04-27,11:00:10,397.56,11:06:47,6.03
ID1214845015,0,9,2,-38.110916,144.654173,-37.814746,144.936048,42912.0,2018-04-07,10:53:20,10315.44,13:45:15,26.74
ID1237650720,0,9,6,-38.110916,144.654173,-37.790818,144.985793,47186.0,2018-07-15,03:49:07,11423.22,06:59:30,40.52
ID1534245032,0,9,4,-38.110916,144.654173,-37.812931,145.015651,49161.0,2018-07-26,13:32:13,11911.02,16:50:44,31.65
ID3601020305,1,1,8,-37.816023,144.937072,-37.807202,145.026637,8783.0,2018-03-02,07:20:13,2275.14,07:58:08,14.31
ID1888297201,0,9,6,-38.110916,144.654173,-37.773845,144.98369,48197.0,2018-04-08,09:44:20,11495.34,12:55:55,30.1
ID3184038561,1,8,1,-37.807202,145.026637,-37.80619,144.978321,4733.0,2018-06-02,00:11:57,1208.28,00:32:05,24.58
ID5360828996,2,8,6,-37.815834,145.04645,-37.773803,144.983647,13562.0,2018-06-26,19:28:01,4192.26,20:37:53,420.66
ID3422124230,1,1,6,-37.815856,144.957164,-37.787442,144.980409,4396.0,2018-07-16,02:26:42,1097.1,02:44:59,19.18
ID1820903844,0,3,1,-37.819681,144.971151,-37.810746,144.976189,1789.0,2018-03-07,16:04:04,443.34,16:11:27,9.84
ID1247597905,0,6,3,-37.773845,144.98369,-37.82075,144.966994,5969.0,2018-04-06,09:09:53,1315.08,09:31:48,6.78
ID1874434527,0,4,6,-37.799554,145.010197,-37.773803,144.983647,10178.0,2018-01-14,22:12:33,3152.52,23:05:05,21.56
ID3546647724,1,9,4,-38.110916,144.654173,-37.809467,144.999235,46927.0,2018-02-08,20:19:00,11371.5,23:28:31,59.64
ID1761867500,0,5,7,-37.809912,144.935947,-37.861835,144.905716,10552.0,2018-03-13,17:58:45,3425.94,18:55:50,16.37
ID1374669962,0,9,1,-38.110916,144.654173,-37.818739,144.953394,42461.0,2018-02-13,18:57:02,10218.9,21:47:20,28.7
ID1800235111,0,6,4,-37.790797,144.985865,-37.813405,145.011936,4708.0,2018-05-09,01:49:59,1312.14,02:11:51,16.14
ID1392128647,0,8,1,-37.815834,145.04645,-37.821971,144.950723,8992.0,2018-03-13,18:42:55,2615.4,19:26:30,13.18
ID3917978079,1,7,3,-37.861835,144.905716,-37.825145,144.993392,9625.0,2018-01-28,09:30:32,3109.5,10:22:21,24.51
ID3563131405,1,8,9,-37.815834,145.04645,-38.110916,144.654173,51032.0,2018-03-18,03:55:33,12681.06,07:26:54,72.56
ID3511326626,1,5,7,-37.813011,144.93361,-37.861835,144.905716,11359.0,2018-05-05,07:36:23,3712.38,08:38:15,25.69
ID1654271388,0,4,5,-37.79998,145.013809,-37.809349,144.936971,7801.0,2018-01-24,19:54:40,2041.14,20:28:41,13.25
ID1969038803,0,8,3,-37.807202,145.026637,-37.819973,144.991145,4653.0,2018-05-15,15:39:02,1126.62,15:57:48,10.72
ID5582142538,2,6,7,-37.787442,144.980409,-37.861835,144.905716,11630.0,2018-02-06,17:57:01,3697.02,18:58:38,371.39
ID3575031305,1,1,8,-37.821075,144.969444,-37.815834,145.04645,7799.0,2018-06-15,12:21:56,2326.56,13:00:42,20.73
ID1380775559,0,6,8,-37.790818,144.985793,-37.815834,145.04645,7471.0,2018-04-22,23:04:29,2192.7,23:41:01,21.9
ID1720212854,0,4,3,-37.799672,144.991321,-37.819338,144.985153,2567.0,2018-01-13,12:58:48,713.46,13:10:41,13.92
ID5169297125,2,2,9,-37.814957,144.932776,-38.110916,144.654173,43505.0,2018-01-11,07:17:18,10442.94,10:11:20,1007.11
ID3269358937,1,2,1,-37.819492,144.943623,-37.810916,144.97195,2974.0,2018-07-09,09:36:43,730.32,09:48:53,7.85
ID1957551276,0,8,3,-37.815834,145.04645,-37.819573,144.997371,5170.0,2018-01-10,03:13:27,1613.94,03:40:20,18.89
ID5781436857,2,8,7,-37.815834,145.04645,-37.861835,144.905716,15151.0,2018-07-14,22:52:39,4917.48,00:14:36,505.07
ID1891883376,0,6,4,-37.787442,144.980409,-37.816523,145.009347,5721.0,2018-06-03,18:00:31,1504.68,18:25:35,15.69
ID5553232386,2,8,5,-37.815834,145.04645,-37.805981,144.939135,9647.0,2018-07-18,23:07:52,2767.62,23:53:59,292.02
ID1260600190,0,4,6,-37.814212,145.011678,-37.787442,144.980409,5670.0,2018-05-07,11:26:32,1439.34,11:50:31,7.72
ID1326896470,0,8,6,-37.807202,145.026637,-37.787432,144.980377,5793.0,2018-07-01,11:08:12,1493.52,11:33:05,11.09
ID5508592080,2,4,2,-37.813248,145.000132,-37.812189,144.937721,6510.0,2018-05-08,02:32:18,1613.88,02:59:11,183.14
ID3677499122,1,5,3,-37.804464,144.925927,-37.824844,144.984673,6416.0,2018-01-02,18:59:41,1686.72,19:27:47,17.23
ID3655688550,1,4,5,-37.813403,145.002507,-37.815484,144.928224,8097.0,2018-07-09,17:36:45,2014.8,18:10:19,17.7
ID1917612316,0,5,2,-37.818736,144.916624,-37.812418,144.936911,2680.0,2018-03-11,11:20:55,737.34,11:33:12,10.43
ID5199516190,2,5,2,-37.815249,144.927727,-37.811374,144.936892,2636.0,2018-02-19,19:42:44,652.44,19:53:36,83.54
ID1201611850,0,1,7,-37.802784,144.950418,-37.861835,144.905716,10041.0,2018-03-21,01:59:59,3325.08,02:55:24,19.82
ID1452640833,0,2,3,-37.814853,144.937653,-37.818848,144.982505,4661.0,2018-01-23,03:37:53,1107.06,03:56:20,15.92
ID3271381965,1,8,2,-37.807202,145.026637,-37.814536,144.939045,8616.0,2018-02-07,09:53:00,2239.68,10:30:19,17.74
ID1278792125,0,8,6,-37.815834,145.04645,-37.773845,144.98369,10698.0,2018-05-09,10:32:10,2735.16,11:17:45,8.97
ID1547629704,0,1,6,-37.802889,144.947676,-37.773803,144.983647,8432.0,2018-04-27,19:45:38,2639.34,20:29:37,14.86
ID5508138851,2,1,9,-37.820166,144.950606,-38.110916,144.654173,42150.0,2018-05-23,00:46:00,10148.88,03:35:08,996.08
ID3558817740,1,1,7,-37.818958,144.952796,-37.861835,144.905716,8579.0,2018-02-21,00:52:33,2937.78,01:41:30,25.93
ID1273142468,0,1,4,-37.805576,144.973597,-37.803015,144.993048,2252.0,2018-07-23,10:11:22,577.5,10:20:59,6.65
ID5153230888,2,1,8,-37.814254,144.935796,-37.807202,145.026637,8903.0,2018-05-24,20:48:44,2255.82,21:26:19,234.14
ID1603282589,0,4,7,-37.800752,145.0022,-37.861835,144.905716,12040.0,2018-02-21,06:44:45,3855.12,07:49:00,10.86
ID1511868224,0,4,9,-37.803167,145.004204,-38.110916,144.654173,47803.0,2018-06-21,10:43:49,11572.86,13:56:41,25.43
ID3134454506,1,1,2,-37.806893,144.937745,-37.82374,144.935313,3736.0,2018-02-05,00:30:51,983.76,00:47:14,18.78
ID3981427666,1,9,6,-38.110916,144.654173,-37.790818,144.985793,47186.0,2018-03-23,14:14:09,11423.22,17:24:32,59.21
ID1321592676,0,6,2,-37.773845,144.98369,-37.81152,144.927207,8045.0,2018-04-11,23:52:07,1788.96,00:21:55,18.0
ID1146866229,0,5,9,-37.808882,144.928334,-38.110916,144.654173,44059.0,2018-03-15,22:35:33,10583.34,01:31:56,32.21
ID3412953683,1,3,5,-37.81633,144.995894,-37.808521,144.928053,7416.0,2018-04-27,05:25:47,1847.28,05:56:34,23.76
ID1866902594,0,4,6,-37.803521,144.994877,-37.787432,144.980377,3125.0,2018-02-12,22:32:44,785.1,22:45:49,15.94
ID1195769104,0,9,3,-38.110916,144.654173,-37.814685,144.98391,45382.0,2018-04-02,17:17:36,10869.6,20:18:45,27.54
ID5483509922,2,6,4,-37.773845,144.98369,-37.801183,144.999703,6156.0,2018-01-04,19:27:09,1333.92,19:49:22,146.29
ID5926580833,2,1,7,-37.806604,144.95187,-37.861835,144.905716,9491.0,2018-01-18,04:53:34,3197.28,05:46:51,331.65
ID3510505982,1,8,7,-37.815834,145.04645,-37.861835,144.905716,15151.0,2018-03-05,06:50:16,4917.48,08:12:13,27.59
ID1614195957,0,1,4,-37.799288,144.972346,-37.816205,145.015472,5506.0,2018-03-08,17:29:13,1450.26,17:53:23,13.24
ID1884704225,0,5,6,-37.805629,144.937234,-37.773803,144.983647,9729.0,2018-06-18,06:50:56,2969.4,07:40:25,10.74
ID1619641605,0,9,5,-38.110916,144.654173,-37.804464,144.925927,44197.0,2018-04-20,04:49:49,10647.72,07:47:16,33.37
ID3471060173,1,3,6,-37.819567,144.97781,-37.787442,144.980409,4075.0,2018-03-08,05:16:45,1015.92,05:33:40,17.98
ID5752929998,2,1,7,-37.808507,144.959371,-37.861835,144.905716,8832.0,2018-07-10,18:30:55,2995.5,19:20:50,307.17
ID1569993895,0,3,6,-37.809864,144.99385,-37.787432,144.980377,3788.0,2018-02-13,14:10:36,912.36,14:25:48,9.9
ID3330145634,1,8,5,-37.807202,145.026637,-37.809397,144.937837,9024.0,2018-03-15,03:25:08,2266.44,04:02:54,23.81
ID3796005534,1,4,7,-37.804159,144.9962,-37.861835,144.905716,11258.0,2018-07-11,14:44:36,3661.92,15:45:37,27.06
ID3134898722,1,6,7,-37.787442,144.980409,-37.861835,144.905716,11630.0,2018-06-26,18:14:32,3697.02,19:16:09,25.27
ID1806515064,0,3,9,-37.82116,144.98368,-38.110916,144.654173,45505.0,2018-04-10,09:09:47,10974.3,12:12:41,23.75
ID3406469495,1,9,5,-38.110916,144.654173,-37.804926,144.927214,44025.0,2018-06-15,05:26:56,10603.32,08:23:39,59.7
ID3899972422,1,6,4,-37.790797,144.985865,-37.802888,145.002959,2796.0,2018-02-26,14:58:10,802.44,15:11:32,11.9
ID3447707292,1,2,8,-37.816282,144.932347,-37.815834,145.04645,10798.0,2018-03-20,22:19:50,3019.68,23:10:09,27.16
ID5356488208,2,2,7,-37.822488,144.940021,-37.861835,144.905716,9542.0,2018-07-27,17:57:47,3270.18,18:52:17,332.84
ID1969607988,0,7,1,-37.861835,144.905716,-37.807724,144.973342,9268.0,2018-03-23,15:22:30,3062.76,16:13:32,15.43
ID5904532121,2,2,3,-37.811883,144.936946,-37.814408,144.971549,3932.0,2018-04-21,16:21:10,1001.16,16:37:51,122.37
ID3252330412,1,5,7,-37.809226,144.931591,-37.861835,144.905716,10938.0,2018-04-12,01:31:54,3537.42,02:30:51,29.63
ID5234796080,2,1,8,-37.818105,144.969136,-37.815834,145.04645,7632.0,2018-02-28,01:13:16,2223.12,01:50:19,239.69
ID3901727099,1,5,1,-37.8064,144.932445,-37.816721,144.942838,2091.0,2018-06-24,16:37:06,493.14,16:45:19,16.4
ID5134851115,2,6,8,-37.773803,144.983647,-37.815834,145.04645,13562.0,2018-04-02,05:23:55,4213.56,06:34:08,430.4
ID1551178934,0,9,8,-38.110916,144.654173,-37.815834,145.04645,51032.0,2018-05-23,21:23:29,12681.06,00:54:50,37.9
ID3704036434,1,5,4,-37.803571,144.926427,-37.801081,145.01469,8686.0,2018-07-24,12:39:47,2395.74,13:19:42,19.28
ID1932365283,0,7,6,-37.861835,144.905716,-37.787432,144.980377,11633.0,2018-06-20,22:59:34,3645.3,00:00:19,22.91
ID3555100449,1,7,9,-37.861835,144.905716,-38.110916,144.654173,50797.0,2018-06-05,21:10:42,13173.36,00:50:15,72.14
ID3296309456,1,8,4,-37.815834,145.04645,-37.810491,145.00418,3813.0,2018-05-05,04:22:46,1268.22,04:43:54,25.38
ID1868539452,0,1,2,-37.805128,144.972332,-37.813762,144.93783,3944.0,2018-01-18,12:45:37,991.44,13:02:08,11.52
ID3384041206,1,6,5,-37.787432,144.980377,-37.799676,144.927469,6242.0,2018-02-27,19:17:50,1631.82,19:45:01,17.16
ID1288554395,0,2,5,-37.814035,144.947058,-37.800591,144.939504,1926.0,2018-04-17,01:27:21,544.8,01:36:25,15.76
ID3302433341,1,5,7,-37.808915,144.935436,-37.861835,144.905716,10630.0,2018-06-18,10:46:34,3457.26,11:44:11,20.02
ID5692639161,2,3,6,-37.814539,144.988698,-37.787442,144.980409,3896.0,2018-02-02,18:10:31,1020.0,18:27:31,116.98
ID1383822999,0,8,3,-37.807202,145.026637,-37.820259,144.992583,4609.0,2018-05-10,19:30:53,1123.56,19:49:36,10.43
ID3899178679,1,1,3,-37.806693,144.957923,-37.811952,144.986076,3075.0,2018-01-24,21:19:10,749.1,21:31:39,16.74
ID1683741792,0,2,7,-37.811205,144.940065,-37.861835,144.905716,10149.0,2018-06-24,19:53:19,3331.56,20:48:50,18.89
ID3717806521,1,1,7,-37.820153,144.942844,-37.861835,144.905716,9445.0,2018-04-24,11:23:40,3257.88,12:17:57,20.34
ID3466969209,1,6,3,-37.790797,144.985865,-37.821332,144.976986,4102.0,2018-01-18,20:25:37,1153.86,20:44:50,21.36
ID1502697629,0,2,1,-37.824664,144.942926,-37.810931,144.976711,3751.0,2018-03-06,11:40:53,964.14,11:56:57,5.61
ID5664224474,2,4,7,-37.807418,144.998915,-37.861835,144.905716,11207.0,2018-05-16,06:58:26,3644.16,07:59:10,359.7
ID3677973860,1,9,5,-38.110916,144.654173,-37.799924,144.935064,46029.0,2018-07-16,06:30:57,11062.32,09:35:19,56.03
ID1907450179,0,2,5,-37.821871,144.950642,-37.805938,144.929527,3237.0,2018-02-09,04:10:55,823.68,04:24:38,16.7
ID1367966852,0,3,5,-37.819588,144.971878,-37.804867,144.935379,4390.0,2018-05-24,07:55:07,1133.76,08:14:00,4.84
ID3722201091,1,5,9,-37.80657,144.930984,-38.110916,144.654173,43430.0,2018-01-05,14:21:52,10388.94,17:15:00,53.52
ID3658980915,1,9,3,-38.110916,144.654173,-37.8247,144.984708,45644.0,2018-07-18,23:27:52,11026.98,02:31:38,60.58
ID5477479428,2,3,4,-37.823518,144.989661,-37.811763,145.000412,2045.0,2018-02-05,02:19:20,479.1,02:27:19,74.74
ID1409990368,0,1,3,-37.806295,144.944273,-37.82358,144.967388,3350.0,2018-05-04,13:44:02,937.98,13:59:39,10.91
ID3944092481,1,2,4,-37.822354,144.952494,-37.808572,145.004275,5502.0,2018-01-12,14:30:40,1366.2,14:53:26,14.9
ID3998252661,1,9,8,-38.110916,144.654173,-37.815834,145.04645,51032.0,2018-06-30,10:10:52,12681.06,13:42:13,59.59
ID3235598480,1,2,4,-37.824575,144.943135,-37.803934,144.992008,5613.0,2018-03-19,19:21:32,1525.92,19:46:57,14.4
ID3385866772,1,6,7,-37.773803,144.983647,-37.861835,144.905716,16033.0,2018-02-20,07:38:57,5323.56,09:07:40,26.61
ID3498665254,1,3,9,-37.821333,144.983479,-38.110916,144.654173,45417.0,2018-07-27,13:40:11,10956.36,16:42:47,56.16
ID3369921787,1,5,2,-37.800247,144.929386,-37.820924,144.947499,3169.0,2018-03-28,00:21:06,779.7,00:34:05,18.76
ID1812350553,0,1,2,-37.803321,144.949886,-37.819957,144.940167,2615.0,2018-01-20,22:01:00,635.7,22:11:35,19.03
ID3356955235,1,4,3,-37.815774,145.013576,-37.824284,144.986815,3270.0,2018-05-08,11:26:33,792.18,11:39:45,7.19
ID5970464425,2,5,7,-37.813491,144.93104,-37.861835,144.905716,11738.0,2018-06-30,19:00:20,3763.68,20:03:03,378.4
ID1284987367,0,3,8,-37.816142,144.97241,-37.807202,145.026637,5802.0,2018-02-08,22:48:58,1454.46,23:13:12,17.22
ID3976080396,1,4,1,-37.808194,144.999863,-37.802092,144.963514,3794.0,2018-06-14,05:30:16,896.46,05:45:12,18.44
ID1131275847,0,6,7,-37.787442,144.980409,-37.861835,144.905716,11630.0,2018-06-30,17:22:47,3697.02,18:24:24,17.4
ID1295254991,0,2,1,-37.818486,144.947201,-37.810429,144.957103,1687.0,2018-04-30,07:03:49,437.1,07:11:06,8.59
ID3742178735,1,3,4,-37.822012,144.969476,-37.810714,145.006384,4389.0,2018-02-16,11:57:24,1170.78,12:16:54,10.22
ID1320978228,0,7,5,-37.861835,144.905716,-37.800274,144.936276,11281.0,2018-07-13,22:42:40,3721.38,23:44:41,24.16
ID3260594905,1,8,5,-37.807202,145.026637,-37.794546,144.93575,10740.0,2018-01-22,21:43:50,2786.04,22:30:16,25.43
ID5613971107,2,2,8,-37.819369,144.933127,-37.815834,145.04645,10732.0,2018-02-18,18:13:39,3005.34,19:03:44,313.36
ID1325235615,0,4,2,-37.806125,144.997943,-37.818678,144.942803,5878.0,2018-04-30,08:47:36,1470.96,09:12:06,6.95
ID3166334120,1,4,3,-37.808739,145.014417,-37.821937,144.968322,5348.0,2018-04-30,20:19:21,1413.06,20:42:54,21.34
ID1248271062,0,4,2,-37.816032,145.005895,-37.821919,144.93755,6735.0,2018-06-19,06:14:50,1742.58,06:43:52,6.38
ID3898131461,1,3,7,-37.823039,144.991244,-37.861835,144.905716,9528.0,2018-06-30,08:13:46,3102.18,09:05:28,23.56
ID1413372931,0,3,4,-37.820097,144.976818,-37.804542,144.993278,3170.0,2018-05-02,00:24:42,827.76,00:38:29,14.36
ID3971711306,1,5,3,-37.808006,144.936268,-37.814717,144.987276,5453.0,2018-01-04,04:05:30,1330.14,04:27:40,20.53
ID1797669449,0,8,5,-37.807202,145.026637,-37.801033,144.928567,11755.0,2018-06-30,23:11:47,3130.02,00:03:57,24.35
ID3876628866,1,6,8,-37.773803,144.983647,-37.815834,145.04645,13562.0,2018-07-11,21:23:35,4213.56,22:33:48,31.59
ID5612440443,2,4,2,-37.802854,145.003631,-37.814316,144.935963,6858.0,2018-06-16,19:54:02,1719.06,20:22:41,191.54
ID1334030428,0,2,7,-37.813616,144.9372,-37.861835,144.905716,10409.0,2018-04-30,14:44:06,3401.46,15:40:47,14.74
ID3375089420,1,4,7,-37.810403,144.999086,-37.861835,144.905716,10959.0,2018-02-28,20:07:22,3569.64,21:06:51,31.73
ID3273721453,1,1,9,-37.812946,144.951719,-38.110916,144.654173,43022.0,2018-01-12,22:49:03,10415.52,01:42:38,59.55
ID3779308019,1,4,7,-37.816506,145.005692,-37.861835,144.905716,11294.0,2018-01-06,07:13:53,3558.06,08:13:11,23.76
ID3963596675,1,5,9,-37.801196,144.932584,-38.110916,144.654173,43944.0,2018-01-19,00:58:01,10526.52,03:53:27,60.08
ID3706071900,1,7,6,-37.861835,144.905716,-37.787442,144.980409,11630.0,2018-07-10,21:13:02,3678.54,22:14:20,28.9
ID5905463692,2,5,7,-37.80496,144.931549,-37.861835,144.905716,11733.0,2018-05-10,17:03:31,3729.0,18:05:40,376.34
ID3682267825,1,4,2,-37.804185,145.010894,-37.817877,144.946595,6889.0,2018-01-19,23:04:19,1747.14,23:33:26,22.71
ID3627160397,1,7,5,-37.861835,144.905716,-37.799969,144.935123,13647.0,2018-02-14,03:39:32,4269.06,04:50:41,32.13
ID5494561030,2,6,2,-37.773845,144.98369,-37.814846,144.94589,6240.0,2018-01-01,04:13:54,1381.98,04:36:55,160.79
ID1334085956,0,4,5,-37.802294,144.990587,-37.79869,144.919979,7350.0,2018-05-08,07:55:05,1745.94,08:24:10,7.7
ID5439617424,2,7,3,-37.861835,144.905716,-37.810759,144.977358,9139.0,2018-03-12,22:19:06,3026.82,23:09:32,316.01
ID1564123763,0,3,2,-37.81032,144.998309,-37.81495,144.937702,5659.0,2018-07-06,05:32:26,1414.92,05:56:00,18.32
ID1522414100,0,4,6,-37.816259,145.014731,-37.790797,144.985865,5515.0,2018-04-02,15:18:45,1525.14,15:44:10,11.5
ID3182880452,1,8,6,-37.807202,145.026637,-37.787442,144.980409,5789.0,2018-06-15,23:06:18,1492.68,23:31:10,19.81
ID1850744463,0,2,4,-37.81694,144.931554,-37.801121,145.005296,9227.0,2018-01-22,20:56:37,2415.42,21:36:52,14.54
ID1552106989,0,9,4,-38.110916,144.654173,-37.814505,144.999917,47002.0,2018-04-26,12:17:52,11299.74,15:26:11,29.9
ID1878224342,0,5,6,-37.80538,144.937218,-37.790797,144.985865,5931.0,2018-05-25,05:57:46,1707.96,06:26:13,19.05
ID5321824923,2,3,1,-37.816805,144.99947,-37.819051,144.946679,5182.0,2018-07-12,03:04:42,1322.46,03:26:44,155.73
ID5869002085,2,6,7,-37.773845,144.98369,-37.861835,144.905716,13169.0,2018-06-10,17:05:47,3866.46,18:10:13,394.56
ID5419157052,2,1,7,-37.798958,144.963172,-37.861835,144.905716,9918.0,2018-03-15,08:58:52,3282.66,09:53:34,322.29
ID3395387118,1,7,1,-37.861835,144.905716,-37.815461,144.940522,10080.0,2018-03-05,22:08:20,3339.42,23:03:59,28.86
ID3470333226,1,1,8,-37.808923,144.944899,-37.815834,145.04645,9248.0,2018-07-03,19:23:40,2627.64,20:07:27,21.22
ID3537629408,1,2,1,-37.814828,144.941711,-37.821629,144.961412,2591.0,2018-03-07,20:40:02,697.5,20:51:39,12.8
ID1735791173,0,9,1,-38.110916,144.654173,-37.803492,144.96653,44501.0,2018-07-23,04:10:22,10757.52,07:09:39,33.07
ID5139792479,2,6,8,-37.787432,144.980377,-37.807202,145.026637,5793.0,2018-03-07,13:28:02,1493.52,13:52:55,162.45
ID3128068451,1,7,4,-37.861835,144.905716,-37.811626,145.006758,11598.0,2018-01-10,06:20:05,3748.62,07:22:33,22.09
ID3499268119,1,3,1,-37.820305,144.966768,-37.806253,144.955703,2288.0,2018-03-04,18:27:33,605.16,18:37:38,17.56
ID1404728541,0,9,7,-38.110916,144.654173,-37.861835,144.905716,50797.0,2018-01-12,01:51:21,13204.98,05:31:25,40.23
ID5875027351,2,7,6,-37.861835,144.905716,-37.790797,144.985865,11711.0,2018-07-02,08:19:33,3859.8,09:23:52,380.86
ID3150925181,1,5,7,-37.797265,144.931335,-37.861835,144.905716,12379.0,2018-07-03,14:02:52,3896.22,15:07:48,25.03
ID1617592690,0,2,8,-37.822028,144.947581,-37.815834,145.04645,9321.0,2018-03-06,23:29:56,2704.8,00:15:00,19.77
ID3519214081,1,8,3,-37.815834,145.04645,-37.818709,144.970507,7499.0,2018-03-27,18:50:50,2202.36,19:27:32,19.03
ID1220783107,0,4,9,-37.813926,145.007855,-38.110916,144.654173,47780.0,2018-06-15,11:21:45,11439.9,14:32:24,25.59
ID3278905945,1,4,2,-37.808572,145.004275,-37.812345,144.936839,6715.0,2018-01-10,17:57:41,1665.12,18:25:26,18.32
ID1345254475,0,1,3,-37.822571,144.960926,-37.81883,144.973824,1404.0,2018-05-15,03:17:21,325.2,03:22:46,15.45
ID3416583442,1,2,6,-37.821855,144.947504,-37.790797,144.985865,5753.0,2018-07-01,18:07:19,1635.3,18:34:34,20.67
ID1211944911,0,8,9,-37.815834,145.04645,-38.110916,144.654173,51032.0,2018-03-07,06:17:10,12681.06,09:48:31,29.04
ID3187758685,1,3,2,-37.816191,144.972249,-37.815069,144.935414,3930.0,2018-03-05,02:57:03,956.58,03:12:59,20.18
ID3327976386,1,6,8,-37.790818,144.985793,-37.815834,145.04645,7471.0,2018-05-03,14:45:48,2192.7,15:22:20,20.08
ID3547422261,1,1,7,-37.817945,144.962162,-37.861835,144.905716,7861.0,2018-02-01,18:25:13,2734.2,19:10:47,23.28
ID1957439686,0,4,9,-37.809587,145.002111,-38.110916,144.654173,47199.0,2018-01-06,22:31:37,11409.78,01:41:46,39.04
ID1505779364,0,1,7,-37.806871,144.945608,-37.861835,144.905716,10099.0,2018-06-19,17:58:36,3367.68,18:54:43,15.46
ID1804740536,0,1,7,-37.806758,144.961076,-37.861835,144.905716,8966.0,2018-02-18,09:22:31,3034.86,10:13:05,14.14
ID3195227994,1,9,6,-38.110916,144.654173,-37.773845,144.98369,48197.0,2018-01-23,10:33:13,11495.34,13:44:48,55.58
ID5858430014,2,4,8,-37.800032,144.994941,-37.815834,145.04645,5675.0,2018-03-18,19:33:49,1719.72,20:02:28,191.5
ID3407014594,1,2,1,-37.815914,144.938149,-37.825278,144.956992,2665.0,2018-05-28,01:56:07,678.42,02:07:25,16.63
ID1318564388,0,4,1,-37.811237,145.007359,-37.816841,144.961488,4527.0,2018-03-03,16:04:47,1076.34,16:22:43,14.26
ID1127849514,0,6,5,-37.787432,144.980377,-37.813202,144.933495,7178.0,2018-05-13,13:39:49,1817.46,14:10:06,17.33
ID3305979637,1,7,4,-37.861835,144.905716,-37.815828,145.009451,11743.0,2018-02-01,04:47:06,3700.86,05:48:46,27.46
ID3275286569,1,3,6,-37.821429,144.989406,-37.790797,144.985865,3839.0,2018-06-17,05:43:20,1094.82,06:01:34,23.07
ID1635591665,0,1,6,-37.806573,144.962811,-37.773845,144.98369,4474.0,2018-04-06,21:21:49,928.32,21:37:17,16.96
ID5954892446,2,5,7,-37.80801,144.936316,-37.861835,144.905716,10565.0,2018-06-03,19:56:08,3442.92,20:53:30,357.01
ID1869029814,0,9,2,-38.110916,144.654173,-37.813141,144.939104,42482.0,2018-04-22,17:12:37,10179.96,20:02:16,30.64
ID3473263162,1,4,3,-37.81074,145.013986,-37.821234,144.983738,4037.0,2018-05-27,22:45:34,980.88,23:01:54,22.42
ID1422914211,0,5,2,-37.799277,144.935124,-37.813688,144.940799,2090.0,2018-07-13,23:13:38,465.12,23:21:23,16.0
ID3941389800,1,3,6,-37.818559,144.999153,-37.787442,144.980409,5006.0,2018-05-23,06:07:36,1316.64,06:29:32,11.48
ID3544552173,1,1,7,-37.807947,144.973506,-37.861835,144.905716,9255.0,2018-03-03,00:24:16,3075.78,01:15:31,30.38
ID3756169667,1,3,9,-37.810707,144.995932,-38.110916,144.654173,46522.0,2018-04-28,15:05:10,11154.48,18:11:04,62.85
ID1750244418,0,1,4,-37.820279,144.965113,-37.810854,144.999594,3884.0,2018-02-21,08:21:02,1013.34,08:37:55,5.72
ID3333388228,1,8,3,-37.815834,145.04645,-37.812057,144.988218,5387.0,2018-04-26,23:05:17,1636.38,23:32:33,21.76
ID1351126682,0,8,2,-37.815834,145.04645,-37.82501,144.949517,9437.0,2018-02-20,17:31:41,2710.8,18:16:51,15.84
ID1479276813,0,6,8,-37.787442,144.980409,-37.807202,145.026637,5789.0,2018-03-05,22:58:42,1492.68,23:23:34,17.99
ID3679388911,1,4,8,-37.811726,145.012671,-37.815834,145.04645,3234.0,2018-04-14,20:02:55,1103.16,20:21:18,19.73
ID3657370995,1,5,9,-37.805842,144.936496,-38.110916,144.654173,43240.0,2018-05-25,06:02:59,10361.28,08:55:40,50.06
ID5514596585,2,7,6,-37.861835,144.905716,-37.790797,144.985865,11711.0,2018-02-07,10:51:01,3859.8,11:55:20,380.91
ID5589097314,2,6,7,-37.773803,144.983647,-37.861835,144.905716,16033.0,2018-06-14,02:31:56,5323.56,04:00:39,534.81
ID1494742729,0,5,1,-37.815116,144.927561,-37.809476,144.972749,5407.0,2018-06-17,04:38:17,1376.4,05:01:13,19.37
ID3176643837,1,8,6,-37.815834,145.04645,-37.773803,144.983647,13562.0,2018-01-19,13:22:25,4192.26,14:32:17,27.31
ID3165751482,1,9,8,-38.110916,144.654173,-37.807202,145.026637,49777.0,2018-05-20,14:19:19,12099.66,17:40:58,66.37
ID3329520141,1,6,3,-37.790797,144.985865,-37.818689,144.983978,3369.0,2018-04-11,22:44:34,950.52,23:00:24,19.21
ID3538246698,1,3,1,-37.819245,145.005222,-37.813923,144.968028,3530.0,2018-07-10,14:53:29,885.9,15:08:14,14.36
ID3124412659,1,3,9,-37.817216,144.98873,-38.110916,144.654173,45772.0,2018-01-09,05:02:40,11075.64,08:07:15,62.19
ID5308987432,2,3,6,-37.812169,144.973783,-37.787432,144.980377,2947.0,2018-03-17,09:36:58,741.18,09:49:19,89.18
ID3710135947,1,1,3,-37.807966,144.945429,-37.824513,144.98219,4733.0,2018-01-19,02:04:16,1224.78,02:24:40,18.93
ID3386024544,1,7,3,-37.861835,144.905716,-37.816957,145.006012,11328.0,2018-06-22,14:10:14,3576.9,15:09:50,24.34
ID1699769800,0,5,1,-37.80986,144.928936,-37.806778,144.973482,4402.0,2018-01-01,19:19:35,1136.34,19:38:31,11.27
ID3113320953,1,6,5,-37.787442,144.980409,-37.805093,144.929574,6472.0,2018-02-08,22:40:53,1725.18,23:09:38,20.78
ID3627421196,1,2,4,-37.814084,144.944512,-37.809748,144.993152,4546.0,2018-03-18,08:38:51,1126.38,08:57:37,13.86
ID1232551342,0,7,6,-37.861835,144.905716,-37.787442,144.980409,11630.0,2018-07-16,06:08:41,3678.54,07:09:59,10.34
ID3860530507,1,9,2,-38.110916,144.654173,-37.812655,144.925244,43965.0,2018-06-03,09:00:30,10558.8,11:56:28,55.11
ID1210316928,0,1,5,-37.816213,144.963933,-37.805029,144.93123,4177.0,2018-07-12,16:25:33,1036.62,16:42:49,12.14
ID3172529697,1,5,4,-37.807331,144.909436,-37.81032,144.998309,8188.0,2018-07-01,13:35:10,2164.5,14:11:14,23.9
ID1146802369,0,3,8,-37.820271,144.981849,-37.815834,145.04645,6704.0,2018-01-05,07:46:01,1996.56,08:19:17,8.6
ID3216310671,1,1,3,-37.80002,144.951376,-37.817354,144.973499,3122.0,2018-01-26,18:33:53,757.8,18:46:30,13.73
ID3789883607,1,5,7,-37.808635,144.923068,-37.861835,144.905716,11701.0,2018-06-23,11:24:05,3714.36,12:25:59,27.58
